output_table	column	type	source_table	source_columns	join_keys	transform	window	leakage_note
train_user_day_nowcast	user_id	string	daily_state	user_id	user_id,date	base grid		
train_user_day_nowcast	date	date	daily_state	date	user_id,date	base grid		
train_user_day_nowcast	dep_target_proxy_0_100	float	daily_state	dep_proxy_0_100	user_id,date	rename(dep_proxy_0_100 -> dep_target_proxy_0_100)		label(관측 proxy); 결측 가능
train_user_day_nowcast	anx_target_proxy_0_100	float	daily_state	anx_proxy_0_100	user_id,date	rename(anx_proxy_0_100 -> anx_target_proxy_0_100)		label(관측 proxy); 결측 가능
train_user_day_nowcast	ins_target_proxy_0_100	float	daily_state	ins_proxy_0_100	user_id,date	rename(ins_proxy_0_100 -> ins_target_proxy_0_100)		label(관측 proxy); 결측 가능
train_user_day_nowcast	dep_target_observed_flag	int	daily_state	dep_target_proxy_0_100	user_id,date	1 if dep_target_proxy_0_100 not null else 0		
train_user_day_nowcast	anx_target_observed_flag	int	daily_state	anx_target_proxy_0_100	user_id,date	1 if anx_target_proxy_0_100 not null else 0		
train_user_day_nowcast	ins_target_observed_flag	int	daily_state	ins_target_proxy_0_100	user_id,date	1 if ins_target_proxy_0_100 not null else 0		
train_user_day_nowcast	day_of_week	int	date	date	user_id,date	weekday(date) (Mon=0..Sun=6)		
train_user_day_nowcast	is_weekend	int	date	date	user_id,date	1 if day_of_week>=5 else 0		
train_user_day_nowcast	age_band	string	users	age_band	user_id,date	left join on user_id		
train_user_day_nowcast	gender	string	users	gender	user_id,date	left join on user_id		
train_user_day_nowcast	employment_status	string	users	employment_status	user_id,date	left join on user_id		
train_user_day_nowcast	relationship_status	string	users	relationship_status	user_id,date	left join on user_id		
train_user_day_nowcast	days_since_onboarding	int	users	onboarding_date,date	user_id,date	days(date - onboarding_date)		
train_user_day_nowcast	phq9_total	int	baseline_assessment	phq9_total	user_id,date	left join on user_id (earliest assessed_at)		
train_user_day_nowcast	gad7_total	int	baseline_assessment	gad7_total	user_id,date	left join on user_id (earliest assessed_at)		
train_user_day_nowcast	isi_total	float	baseline_assessment	isi_total	user_id,date	left join on user_id (earliest assessed_at)		
train_user_day_nowcast	medication_flag	float	baseline_assessment	medication_flag	user_id,date	left join on user_id (earliest assessed_at)		
train_user_day_nowcast	therapy_flag	float	baseline_assessment	therapy_flag	user_id,date	left join on user_id (earliest assessed_at)		
train_user_day_nowcast	steps_today	float	activity_log	steps	user_id,date	groupby(user_id,date) mean		
train_user_day_nowcast	exercise_minutes_today	float	activity_log	exercise_minutes	user_id,date	groupby(user_id,date) mean		
train_user_day_nowcast	daylight_minutes_today	float	activity_log	daylight_minutes	user_id,date	groupby(user_id,date) mean		
train_user_day_nowcast	screen_time_min_today	float	activity_log	screen_time_min	user_id,date	groupby(user_id,date) mean		
train_user_day_nowcast	meal_regularity_0_10_today	float	activity_log	meal_regularity_0_10	user_id,date	groupby(user_id,date) mean		
train_user_day_nowcast	caffeine_after_2pm_flag_today	float	sleep_log	caffeine_after_2pm_flag	user_id,date	groupby(user_id,date) mean		
train_user_day_nowcast	alcohol_flag_today	float	sleep_log	alcohol_flag	user_id,date	groupby(user_id,date) mean		
train_user_day_nowcast	cbt_sessions_today	float	cbt_session	started_at + session fields	user_id,date	date=floor(started_at); groupby(user_id,date) agg		
train_user_day_nowcast	cbt_duration_sec_mean_today	float	cbt_session	started_at + session fields	user_id,date	date=floor(started_at); groupby(user_id,date) agg		
train_user_day_nowcast	cbt_thought_count_mean_today	float	cbt_session	started_at + session fields	user_id,date	date=floor(started_at); groupby(user_id,date) agg		
train_user_day_nowcast	belief_drop_mean_today	float	cbt_session	started_at + session fields	user_id,date	date=floor(started_at); groupby(user_id,date) agg		
train_user_day_nowcast	emotion_drop_mean_today	float	cbt_session	started_at + session fields	user_id,date	date=floor(started_at); groupby(user_id,date) agg		
train_user_day_nowcast	reframe_quality_mean_today	float	cbt_session	started_at + session fields	user_id,date	date=floor(started_at); groupby(user_id,date) agg		
train_user_day_nowcast	homework_commitment_mean_today	float	cbt_session	started_at + session fields	user_id,date	date=floor(started_at); groupby(user_id,date) agg		
train_user_day_nowcast	distortion_total_mean_today	float	cbt_session	started_at + session fields	user_id,date	date=floor(started_at); groupby(user_id,date) agg		
train_user_day_nowcast	challenges_today	float	challenge_day	completed_flag, completion_quality_0_5, perceived_helpfulness_0_10, challenge_id	user_id,date	groupby(user_id,date) agg (nunique/mean)		
train_user_day_nowcast	challenge_completed_rate_today	float	challenge_day	completed_flag, completion_quality_0_5, perceived_helpfulness_0_10, challenge_id	user_id,date	groupby(user_id,date) agg (nunique/mean)		
train_user_day_nowcast	challenge_completion_quality_mean_today	float	challenge_day	completed_flag, completion_quality_0_5, perceived_helpfulness_0_10, challenge_id	user_id,date	groupby(user_id,date) agg (nunique/mean)		
train_user_day_nowcast	challenge_helpfulness_mean_today	float	challenge_day	completed_flag, completion_quality_0_5, perceived_helpfulness_0_10, challenge_id	user_id,date	groupby(user_id,date) agg (nunique/mean)		
train_user_day_nowcast	activity_present_today_flag	int	derived	steps_today/exercise_minutes_today/daylight_minutes_today	user_id,date	1 if any not null else 0		
train_user_day_nowcast	sleep_present_today_flag	int	derived	sleep_log (today rows)	user_id,date	1 if any sleep core metric present today else 0		ins target 관측여부와 강하게 연관(운영 로직에서 ins는 sleep 있으면 계산으로 대체 가능)
train_user_day_nowcast	checkin_present_today_flag	int	derived	daily_checkin (today)	user_id,date	1 if any core checkin metric present today else 0		
train_user_day_nowcast	cbt_present_today_flag	int	derived	cbt_sessions_today	user_id,date	1 if cbt_sessions_today>0 else 0		
train_user_day_nowcast	challenge_present_today_flag	int	derived	challenges_today	user_id,date	1 if challenges_today>0 else 0		
train_user_day_nowcast	steps_lag1	float	derived(user_id time-series)	steps_today OR daily_checkin.steps_0_10 OR sleep/activity/cbt/challenge day agg	user_id,date	steps_lag1 = shift(steps_today,1)	lag(1 day, same user)	
train_user_day_nowcast	steps_mean_7d	float	derived(user_id time-series)	steps_today OR daily_checkin.steps_0_10 OR sleep/activity/cbt/challenge day agg	user_id,date	steps_mean_7d = mean(shift(steps_today,1) over past 7d)	rolling 7 days excluding today (t-1..t-7)	
train_user_day_nowcast	steps_std_7d	float	derived(user_id time-series)	steps_today OR daily_checkin.steps_0_10 OR sleep/activity/cbt/challenge day agg	user_id,date	steps_std_7d = std(shift(steps_today,1) over past 7d)	rolling 7 days excluding today (min 2)	
train_user_day_nowcast	steps_misscnt_7d	float	derived(user_id time-series)	steps_today OR daily_checkin.steps_0_10 OR sleep/activity/cbt/challenge day agg	user_id,date	steps_misscnt_7d = count(isnull(shift(steps_today,1)) over past 7d)	rolling 7 days excluding today	
train_user_day_nowcast	steps_days_7d	float	derived(user_id time-series)	steps_today OR daily_checkin.steps_0_10 OR sleep/activity/cbt/challenge day agg	user_id,date	steps_days_7d = count(notnull(shift(steps_today,1)) over past 7d)	rolling 7 days excluding today	
train_user_day_nowcast	exercise_minutes_lag1	float	derived(user_id time-series)	exercise_minutes_today OR daily_checkin.exercise_minutes_0_10 OR sleep/activity/cbt/challenge day agg	user_id,date	exercise_minutes_lag1 = shift(exercise_minutes_today,1)	lag(1 day, same user)	
train_user_day_nowcast	exercise_minutes_mean_7d	float	derived(user_id time-series)	exercise_minutes_today OR daily_checkin.exercise_minutes_0_10 OR sleep/activity/cbt/challenge day agg	user_id,date	exercise_minutes_mean_7d = mean(shift(exercise_minutes_today,1) over past 7d)	rolling 7 days excluding today (t-1..t-7)	
train_user_day_nowcast	exercise_minutes_std_7d	float	derived(user_id time-series)	exercise_minutes_today OR daily_checkin.exercise_minutes_0_10 OR sleep/activity/cbt/challenge day agg	user_id,date	exercise_minutes_std_7d = std(shift(exercise_minutes_today,1) over past 7d)	rolling 7 days excluding today (min 2)	
train_user_day_nowcast	exercise_minutes_misscnt_7d	float	derived(user_id time-series)	exercise_minutes_today OR daily_checkin.exercise_minutes_0_10 OR sleep/activity/cbt/challenge day agg	user_id,date	exercise_minutes_misscnt_7d = count(isnull(shift(exercise_minutes_today,1)) over past 7d)	rolling 7 days excluding today	
train_user_day_nowcast	exercise_minutes_days_7d	float	derived(user_id time-series)	exercise_minutes_today OR daily_checkin.exercise_minutes_0_10 OR sleep/activity/cbt/challenge day agg	user_id,date	exercise_minutes_days_7d = count(notnull(shift(exercise_minutes_today,1)) over past 7d)	rolling 7 days excluding today	
train_user_day_nowcast	daylight_minutes_lag1	float	derived(user_id time-series)	daylight_minutes_today OR daily_checkin.daylight_minutes_0_10 OR sleep/activity/cbt/challenge day agg	user_id,date	daylight_minutes_lag1 = shift(daylight_minutes_today,1)	lag(1 day, same user)	
train_user_day_nowcast	daylight_minutes_mean_7d	float	derived(user_id time-series)	daylight_minutes_today OR daily_checkin.daylight_minutes_0_10 OR sleep/activity/cbt/challenge day agg	user_id,date	daylight_minutes_mean_7d = mean(shift(daylight_minutes_today,1) over past 7d)	rolling 7 days excluding today (t-1..t-7)	
train_user_day_nowcast	daylight_minutes_std_7d	float	derived(user_id time-series)	daylight_minutes_today OR daily_checkin.daylight_minutes_0_10 OR sleep/activity/cbt/challenge day agg	user_id,date	daylight_minutes_std_7d = std(shift(daylight_minutes_today,1) over past 7d)	rolling 7 days excluding today (min 2)	
train_user_day_nowcast	daylight_minutes_misscnt_7d	float	derived(user_id time-series)	daylight_minutes_today OR daily_checkin.daylight_minutes_0_10 OR sleep/activity/cbt/challenge day agg	user_id,date	daylight_minutes_misscnt_7d = count(isnull(shift(daylight_minutes_today,1)) over past 7d)	rolling 7 days excluding today	
train_user_day_nowcast	daylight_minutes_days_7d	float	derived(user_id time-series)	daylight_minutes_today OR daily_checkin.daylight_minutes_0_10 OR sleep/activity/cbt/challenge day agg	user_id,date	daylight_minutes_days_7d = count(notnull(shift(daylight_minutes_today,1)) over past 7d)	rolling 7 days excluding today	
train_user_day_nowcast	screen_time_min_lag1	float	derived(user_id time-series)	screen_time_min_today OR daily_checkin.screen_time_min_0_10 OR sleep/activity/cbt/challenge day agg	user_id,date	screen_time_min_lag1 = shift(screen_time_min_today,1)	lag(1 day, same user)	
train_user_day_nowcast	screen_time_min_mean_7d	float	derived(user_id time-series)	screen_time_min_today OR daily_checkin.screen_time_min_0_10 OR sleep/activity/cbt/challenge day agg	user_id,date	screen_time_min_mean_7d = mean(shift(screen_time_min_today,1) over past 7d)	rolling 7 days excluding today (t-1..t-7)	
train_user_day_nowcast	screen_time_min_std_7d	float	derived(user_id time-series)	screen_time_min_today OR daily_checkin.screen_time_min_0_10 OR sleep/activity/cbt/challenge day agg	user_id,date	screen_time_min_std_7d = std(shift(screen_time_min_today,1) over past 7d)	rolling 7 days excluding today (min 2)	
train_user_day_nowcast	screen_time_min_misscnt_7d	float	derived(user_id time-series)	screen_time_min_today OR daily_checkin.screen_time_min_0_10 OR sleep/activity/cbt/challenge day agg	user_id,date	screen_time_min_misscnt_7d = count(isnull(shift(screen_time_min_today,1)) over past 7d)	rolling 7 days excluding today	
train_user_day_nowcast	screen_time_min_days_7d	float	derived(user_id time-series)	screen_time_min_today OR daily_checkin.screen_time_min_0_10 OR sleep/activity/cbt/challenge day agg	user_id,date	screen_time_min_days_7d = count(notnull(shift(screen_time_min_today,1)) over past 7d)	rolling 7 days excluding today	
train_user_day_nowcast	meal_regularity_0_10_lag1	float	derived(user_id time-series)	meal_regularity_0_10_today OR daily_checkin.meal_regularity_0_10_0_10 OR sleep/activity/cbt/challenge day agg	user_id,date	meal_regularity_0_10_lag1 = shift(meal_regularity_0_10_today,1)	lag(1 day, same user)	
train_user_day_nowcast	meal_regularity_0_10_mean_7d	float	derived(user_id time-series)	meal_regularity_0_10_today OR daily_checkin.meal_regularity_0_10_0_10 OR sleep/activity/cbt/challenge day agg	user_id,date	meal_regularity_0_10_mean_7d = mean(shift(meal_regularity_0_10_today,1) over past 7d)	rolling 7 days excluding today (t-1..t-7)	
train_user_day_nowcast	meal_regularity_0_10_std_7d	float	derived(user_id time-series)	meal_regularity_0_10_today OR daily_checkin.meal_regularity_0_10_0_10 OR sleep/activity/cbt/challenge day agg	user_id,date	meal_regularity_0_10_std_7d = std(shift(meal_regularity_0_10_today,1) over past 7d)	rolling 7 days excluding today (min 2)	
train_user_day_nowcast	meal_regularity_0_10_misscnt_7d	float	derived(user_id time-series)	meal_regularity_0_10_today OR daily_checkin.meal_regularity_0_10_0_10 OR sleep/activity/cbt/challenge day agg	user_id,date	meal_regularity_0_10_misscnt_7d = count(isnull(shift(meal_regularity_0_10_today,1)) over past 7d)	rolling 7 days excluding today	
train_user_day_nowcast	meal_regularity_0_10_days_7d	float	derived(user_id time-series)	meal_regularity_0_10_today OR daily_checkin.meal_regularity_0_10_0_10 OR sleep/activity/cbt/challenge day agg	user_id,date	meal_regularity_0_10_days_7d = count(notnull(shift(meal_regularity_0_10_today,1)) over past 7d)	rolling 7 days excluding today	
train_user_day_nowcast	sleep_duration_min_lag1	float	derived(user_id time-series)	sleep_duration_min_today OR daily_checkin.sleep_duration_min_0_10 OR sleep/activity/cbt/challenge day agg	user_id,date	sleep_duration_min_lag1 = shift(sleep_duration_min_today,1)	lag(1 day, same user)	ins proxy 타깃과 동기간 값은 누수; 여기서는 과거 7일(전일까지)만 사용
train_user_day_nowcast	sleep_duration_min_mean_7d	float	derived(user_id time-series)	sleep_duration_min_today OR daily_checkin.sleep_duration_min_0_10 OR sleep/activity/cbt/challenge day agg	user_id,date	sleep_duration_min_mean_7d = mean(shift(sleep_duration_min_today,1) over past 7d)	rolling 7 days excluding today (t-1..t-7)	ins proxy 타깃과 동기간 값은 누수; 여기서는 과거 7일(전일까지)만 사용
train_user_day_nowcast	sleep_duration_min_std_7d	float	derived(user_id time-series)	sleep_duration_min_today OR daily_checkin.sleep_duration_min_0_10 OR sleep/activity/cbt/challenge day agg	user_id,date	sleep_duration_min_std_7d = std(shift(sleep_duration_min_today,1) over past 7d)	rolling 7 days excluding today (min 2)	ins proxy 타깃과 동기간 값은 누수; 여기서는 과거 7일(전일까지)만 사용
train_user_day_nowcast	sleep_duration_min_misscnt_7d	float	derived(user_id time-series)	sleep_duration_min_today OR daily_checkin.sleep_duration_min_0_10 OR sleep/activity/cbt/challenge day agg	user_id,date	sleep_duration_min_misscnt_7d = count(isnull(shift(sleep_duration_min_today,1)) over past 7d)	rolling 7 days excluding today	ins proxy 타깃과 동기간 값은 누수; 여기서는 과거 7일(전일까지)만 사용
train_user_day_nowcast	sleep_duration_min_days_7d	float	derived(user_id time-series)	sleep_duration_min_today OR daily_checkin.sleep_duration_min_0_10 OR sleep/activity/cbt/challenge day agg	user_id,date	sleep_duration_min_days_7d = count(notnull(shift(sleep_duration_min_today,1)) over past 7d)	rolling 7 days excluding today	ins proxy 타깃과 동기간 값은 누수; 여기서는 과거 7일(전일까지)만 사용
train_user_day_nowcast	sleep_onset_latency_min_lag1	float	derived(user_id time-series)	sleep_onset_latency_min_today OR daily_checkin.sleep_onset_latency_min_0_10 OR sleep/activity/cbt/challenge day agg	user_id,date	sleep_onset_latency_min_lag1 = shift(sleep_onset_latency_min_today,1)	lag(1 day, same user)	ins proxy 타깃과 동기간 값은 누수; 여기서는 과거 7일(전일까지)만 사용
train_user_day_nowcast	sleep_onset_latency_min_mean_7d	float	derived(user_id time-series)	sleep_onset_latency_min_today OR daily_checkin.sleep_onset_latency_min_0_10 OR sleep/activity/cbt/challenge day agg	user_id,date	sleep_onset_latency_min_mean_7d = mean(shift(sleep_onset_latency_min_today,1) over past 7d)	rolling 7 days excluding today (t-1..t-7)	ins proxy 타깃과 동기간 값은 누수; 여기서는 과거 7일(전일까지)만 사용
train_user_day_nowcast	sleep_onset_latency_min_std_7d	float	derived(user_id time-series)	sleep_onset_latency_min_today OR daily_checkin.sleep_onset_latency_min_0_10 OR sleep/activity/cbt/challenge day agg	user_id,date	sleep_onset_latency_min_std_7d = std(shift(sleep_onset_latency_min_today,1) over past 7d)	rolling 7 days excluding today (min 2)	ins proxy 타깃과 동기간 값은 누수; 여기서는 과거 7일(전일까지)만 사용
train_user_day_nowcast	sleep_onset_latency_min_misscnt_7d	float	derived(user_id time-series)	sleep_onset_latency_min_today OR daily_checkin.sleep_onset_latency_min_0_10 OR sleep/activity/cbt/challenge day agg	user_id,date	sleep_onset_latency_min_misscnt_7d = count(isnull(shift(sleep_onset_latency_min_today,1)) over past 7d)	rolling 7 days excluding today	ins proxy 타깃과 동기간 값은 누수; 여기서는 과거 7일(전일까지)만 사용
train_user_day_nowcast	sleep_onset_latency_min_days_7d	float	derived(user_id time-series)	sleep_onset_latency_min_today OR daily_checkin.sleep_onset_latency_min_0_10 OR sleep/activity/cbt/challenge day agg	user_id,date	sleep_onset_latency_min_days_7d = count(notnull(shift(sleep_onset_latency_min_today,1)) over past 7d)	rolling 7 days excluding today	ins proxy 타깃과 동기간 값은 누수; 여기서는 과거 7일(전일까지)만 사용
train_user_day_nowcast	awakenings_count_lag1	float	derived(user_id time-series)	awakenings_count_today OR daily_checkin.awakenings_count_0_10 OR sleep/activity/cbt/challenge day agg	user_id,date	awakenings_count_lag1 = shift(awakenings_count_today,1)	lag(1 day, same user)	ins proxy 타깃과 동기간 값은 누수; 여기서는 과거 7일(전일까지)만 사용
train_user_day_nowcast	awakenings_count_mean_7d	float	derived(user_id time-series)	awakenings_count_today OR daily_checkin.awakenings_count_0_10 OR sleep/activity/cbt/challenge day agg	user_id,date	awakenings_count_mean_7d = mean(shift(awakenings_count_today,1) over past 7d)	rolling 7 days excluding today (t-1..t-7)	ins proxy 타깃과 동기간 값은 누수; 여기서는 과거 7일(전일까지)만 사용
train_user_day_nowcast	awakenings_count_std_7d	float	derived(user_id time-series)	awakenings_count_today OR daily_checkin.awakenings_count_0_10 OR sleep/activity/cbt/challenge day agg	user_id,date	awakenings_count_std_7d = std(shift(awakenings_count_today,1) over past 7d)	rolling 7 days excluding today (min 2)	ins proxy 타깃과 동기간 값은 누수; 여기서는 과거 7일(전일까지)만 사용
train_user_day_nowcast	awakenings_count_misscnt_7d	float	derived(user_id time-series)	awakenings_count_today OR daily_checkin.awakenings_count_0_10 OR sleep/activity/cbt/challenge day agg	user_id,date	awakenings_count_misscnt_7d = count(isnull(shift(awakenings_count_today,1)) over past 7d)	rolling 7 days excluding today	ins proxy 타깃과 동기간 값은 누수; 여기서는 과거 7일(전일까지)만 사용
train_user_day_nowcast	awakenings_count_days_7d	float	derived(user_id time-series)	awakenings_count_today OR daily_checkin.awakenings_count_0_10 OR sleep/activity/cbt/challenge day agg	user_id,date	awakenings_count_days_7d = count(notnull(shift(awakenings_count_today,1)) over past 7d)	rolling 7 days excluding today	ins proxy 타깃과 동기간 값은 누수; 여기서는 과거 7일(전일까지)만 사용
train_user_day_nowcast	sleep_quality_0_10_lag1	float	derived(user_id time-series)	sleep_quality_0_10_today OR daily_checkin.sleep_quality_0_10_0_10 OR sleep/activity/cbt/challenge day agg	user_id,date	sleep_quality_0_10_lag1 = shift(sleep_quality_0_10_today,1)	lag(1 day, same user)	ins proxy 타깃과 동기간 값은 누수; 여기서는 과거 7일(전일까지)만 사용
train_user_day_nowcast	sleep_quality_0_10_mean_7d	float	derived(user_id time-series)	sleep_quality_0_10_today OR daily_checkin.sleep_quality_0_10_0_10 OR sleep/activity/cbt/challenge day agg	user_id,date	sleep_quality_0_10_mean_7d = mean(shift(sleep_quality_0_10_today,1) over past 7d)	rolling 7 days excluding today (t-1..t-7)	ins proxy 타깃과 동기간 값은 누수; 여기서는 과거 7일(전일까지)만 사용
train_user_day_nowcast	sleep_quality_0_10_std_7d	float	derived(user_id time-series)	sleep_quality_0_10_today OR daily_checkin.sleep_quality_0_10_0_10 OR sleep/activity/cbt/challenge day agg	user_id,date	sleep_quality_0_10_std_7d = std(shift(sleep_quality_0_10_today,1) over past 7d)	rolling 7 days excluding today (min 2)	ins proxy 타깃과 동기간 값은 누수; 여기서는 과거 7일(전일까지)만 사용
train_user_day_nowcast	sleep_quality_0_10_misscnt_7d	float	derived(user_id time-series)	sleep_quality_0_10_today OR daily_checkin.sleep_quality_0_10_0_10 OR sleep/activity/cbt/challenge day agg	user_id,date	sleep_quality_0_10_misscnt_7d = count(isnull(shift(sleep_quality_0_10_today,1)) over past 7d)	rolling 7 days excluding today	ins proxy 타깃과 동기간 값은 누수; 여기서는 과거 7일(전일까지)만 사용
train_user_day_nowcast	sleep_quality_0_10_days_7d	float	derived(user_id time-series)	sleep_quality_0_10_today OR daily_checkin.sleep_quality_0_10_0_10 OR sleep/activity/cbt/challenge day agg	user_id,date	sleep_quality_0_10_days_7d = count(notnull(shift(sleep_quality_0_10_today,1)) over past 7d)	rolling 7 days excluding today	ins proxy 타깃과 동기간 값은 누수; 여기서는 과거 7일(전일까지)만 사용
train_user_day_nowcast	bedtime_hour_lag1	float	derived(user_id time-series)	bedtime_hour_today OR daily_checkin.bedtime_hour_0_10 OR sleep/activity/cbt/challenge day agg	user_id,date	bedtime_hour_lag1 = shift(bedtime_hour_today,1)	lag(1 day, same user)	ins proxy 타깃과 동기간 값은 누수; 여기서는 과거 7일(전일까지)만 사용
train_user_day_nowcast	bedtime_hour_mean_7d	float	derived(user_id time-series)	bedtime_hour_today OR daily_checkin.bedtime_hour_0_10 OR sleep/activity/cbt/challenge day agg	user_id,date	bedtime_hour_mean_7d = mean(shift(bedtime_hour_today,1) over past 7d)	rolling 7 days excluding today (t-1..t-7)	ins proxy 타깃과 동기간 값은 누수; 여기서는 과거 7일(전일까지)만 사용
train_user_day_nowcast	bedtime_hour_std_7d	float	derived(user_id time-series)	bedtime_hour_today OR daily_checkin.bedtime_hour_0_10 OR sleep/activity/cbt/challenge day agg	user_id,date	bedtime_hour_std_7d = std(shift(bedtime_hour_today,1) over past 7d)	rolling 7 days excluding today (min 2)	ins proxy 타깃과 동기간 값은 누수; 여기서는 과거 7일(전일까지)만 사용
train_user_day_nowcast	bedtime_hour_misscnt_7d	float	derived(user_id time-series)	bedtime_hour_today OR daily_checkin.bedtime_hour_0_10 OR sleep/activity/cbt/challenge day agg	user_id,date	bedtime_hour_misscnt_7d = count(isnull(shift(bedtime_hour_today,1)) over past 7d)	rolling 7 days excluding today	ins proxy 타깃과 동기간 값은 누수; 여기서는 과거 7일(전일까지)만 사용
train_user_day_nowcast	bedtime_hour_days_7d	float	derived(user_id time-series)	bedtime_hour_today OR daily_checkin.bedtime_hour_0_10 OR sleep/activity/cbt/challenge day agg	user_id,date	bedtime_hour_days_7d = count(notnull(shift(bedtime_hour_today,1)) over past 7d)	rolling 7 days excluding today	ins proxy 타깃과 동기간 값은 누수; 여기서는 과거 7일(전일까지)만 사용
train_user_day_nowcast	waketime_hour_lag1	float	derived(user_id time-series)	waketime_hour_today OR daily_checkin.waketime_hour_0_10 OR sleep/activity/cbt/challenge day agg	user_id,date	waketime_hour_lag1 = shift(waketime_hour_today,1)	lag(1 day, same user)	ins proxy 타깃과 동기간 값은 누수; 여기서는 과거 7일(전일까지)만 사용
train_user_day_nowcast	waketime_hour_mean_7d	float	derived(user_id time-series)	waketime_hour_today OR daily_checkin.waketime_hour_0_10 OR sleep/activity/cbt/challenge day agg	user_id,date	waketime_hour_mean_7d = mean(shift(waketime_hour_today,1) over past 7d)	rolling 7 days excluding today (t-1..t-7)	ins proxy 타깃과 동기간 값은 누수; 여기서는 과거 7일(전일까지)만 사용
train_user_day_nowcast	waketime_hour_std_7d	float	derived(user_id time-series)	waketime_hour_today OR daily_checkin.waketime_hour_0_10 OR sleep/activity/cbt/challenge day agg	user_id,date	waketime_hour_std_7d = std(shift(waketime_hour_today,1) over past 7d)	rolling 7 days excluding today (min 2)	ins proxy 타깃과 동기간 값은 누수; 여기서는 과거 7일(전일까지)만 사용
train_user_day_nowcast	waketime_hour_misscnt_7d	float	derived(user_id time-series)	waketime_hour_today OR daily_checkin.waketime_hour_0_10 OR sleep/activity/cbt/challenge day agg	user_id,date	waketime_hour_misscnt_7d = count(isnull(shift(waketime_hour_today,1)) over past 7d)	rolling 7 days excluding today	ins proxy 타깃과 동기간 값은 누수; 여기서는 과거 7일(전일까지)만 사용
train_user_day_nowcast	waketime_hour_days_7d	float	derived(user_id time-series)	waketime_hour_today OR daily_checkin.waketime_hour_0_10 OR sleep/activity/cbt/challenge day agg	user_id,date	waketime_hour_days_7d = count(notnull(shift(waketime_hour_today,1)) over past 7d)	rolling 7 days excluding today	ins proxy 타깃과 동기간 값은 누수; 여기서는 과거 7일(전일까지)만 사용
train_user_day_nowcast	caffeine_after_2pm_flag_lag1	float	derived(user_id time-series)	caffeine_after_2pm_flag_today OR daily_checkin.caffeine_after_2pm_flag_0_10 OR sleep/activity/cbt/challenge day agg	user_id,date	caffeine_after_2pm_flag_lag1 = shift(caffeine_after_2pm_flag_today,1)	lag(1 day, same user)	
train_user_day_nowcast	caffeine_after_2pm_flag_mean_7d	float	derived(user_id time-series)	caffeine_after_2pm_flag_today OR daily_checkin.caffeine_after_2pm_flag_0_10 OR sleep/activity/cbt/challenge day agg	user_id,date	caffeine_after_2pm_flag_mean_7d = mean(shift(caffeine_after_2pm_flag_today,1) over past 7d)	rolling 7 days excluding today (t-1..t-7)	
train_user_day_nowcast	caffeine_after_2pm_flag_std_7d	float	derived(user_id time-series)	caffeine_after_2pm_flag_today OR daily_checkin.caffeine_after_2pm_flag_0_10 OR sleep/activity/cbt/challenge day agg	user_id,date	caffeine_after_2pm_flag_std_7d = std(shift(caffeine_after_2pm_flag_today,1) over past 7d)	rolling 7 days excluding today (min 2)	
train_user_day_nowcast	caffeine_after_2pm_flag_misscnt_7d	float	derived(user_id time-series)	caffeine_after_2pm_flag_today OR daily_checkin.caffeine_after_2pm_flag_0_10 OR sleep/activity/cbt/challenge day agg	user_id,date	caffeine_after_2pm_flag_misscnt_7d = count(isnull(shift(caffeine_after_2pm_flag_today,1)) over past 7d)	rolling 7 days excluding today	
train_user_day_nowcast	caffeine_after_2pm_flag_days_7d	float	derived(user_id time-series)	caffeine_after_2pm_flag_today OR daily_checkin.caffeine_after_2pm_flag_0_10 OR sleep/activity/cbt/challenge day agg	user_id,date	caffeine_after_2pm_flag_days_7d = count(notnull(shift(caffeine_after_2pm_flag_today,1)) over past 7d)	rolling 7 days excluding today	
train_user_day_nowcast	alcohol_flag_lag1	float	derived(user_id time-series)	alcohol_flag_today OR daily_checkin.alcohol_flag_0_10 OR sleep/activity/cbt/challenge day agg	user_id,date	alcohol_flag_lag1 = shift(alcohol_flag_today,1)	lag(1 day, same user)	
train_user_day_nowcast	alcohol_flag_mean_7d	float	derived(user_id time-series)	alcohol_flag_today OR daily_checkin.alcohol_flag_0_10 OR sleep/activity/cbt/challenge day agg	user_id,date	alcohol_flag_mean_7d = mean(shift(alcohol_flag_today,1) over past 7d)	rolling 7 days excluding today (t-1..t-7)	
train_user_day_nowcast	alcohol_flag_std_7d	float	derived(user_id time-series)	alcohol_flag_today OR daily_checkin.alcohol_flag_0_10 OR sleep/activity/cbt/challenge day agg	user_id,date	alcohol_flag_std_7d = std(shift(alcohol_flag_today,1) over past 7d)	rolling 7 days excluding today (min 2)	
train_user_day_nowcast	alcohol_flag_misscnt_7d	float	derived(user_id time-series)	alcohol_flag_today OR daily_checkin.alcohol_flag_0_10 OR sleep/activity/cbt/challenge day agg	user_id,date	alcohol_flag_misscnt_7d = count(isnull(shift(alcohol_flag_today,1)) over past 7d)	rolling 7 days excluding today	
train_user_day_nowcast	alcohol_flag_days_7d	float	derived(user_id time-series)	alcohol_flag_today OR daily_checkin.alcohol_flag_0_10 OR sleep/activity/cbt/challenge day agg	user_id,date	alcohol_flag_days_7d = count(notnull(shift(alcohol_flag_today,1)) over past 7d)	rolling 7 days excluding today	
train_user_day_nowcast	cbt_sessions_lag1	float	derived(user_id time-series)	cbt_sessions_today OR daily_checkin.cbt_sessions_0_10 OR sleep/activity/cbt/challenge day agg	user_id,date	cbt_sessions_lag1 = shift(cbt_sessions_today,1)	lag(1 day, same user)	
train_user_day_nowcast	cbt_sessions_mean_7d	float	derived(user_id time-series)	cbt_sessions_today OR daily_checkin.cbt_sessions_0_10 OR sleep/activity/cbt/challenge day agg	user_id,date	cbt_sessions_mean_7d = mean(shift(cbt_sessions_today,1) over past 7d)	rolling 7 days excluding today (t-1..t-7)	
train_user_day_nowcast	cbt_sessions_std_7d	float	derived(user_id time-series)	cbt_sessions_today OR daily_checkin.cbt_sessions_0_10 OR sleep/activity/cbt/challenge day agg	user_id,date	cbt_sessions_std_7d = std(shift(cbt_sessions_today,1) over past 7d)	rolling 7 days excluding today (min 2)	
train_user_day_nowcast	cbt_sessions_misscnt_7d	float	derived(user_id time-series)	cbt_sessions_today OR daily_checkin.cbt_sessions_0_10 OR sleep/activity/cbt/challenge day agg	user_id,date	cbt_sessions_misscnt_7d = count(isnull(shift(cbt_sessions_today,1)) over past 7d)	rolling 7 days excluding today	
train_user_day_nowcast	cbt_sessions_days_7d	float	derived(user_id time-series)	cbt_sessions_today OR daily_checkin.cbt_sessions_0_10 OR sleep/activity/cbt/challenge day agg	user_id,date	cbt_sessions_days_7d = count(notnull(shift(cbt_sessions_today,1)) over past 7d)	rolling 7 days excluding today	
train_user_day_nowcast	belief_drop_mean_lag1	float	derived(user_id time-series)	belief_drop_mean_today OR daily_checkin.belief_drop_mean_0_10 OR sleep/activity/cbt/challenge day agg	user_id,date	belief_drop_mean_lag1 = shift(belief_drop_mean_today,1)	lag(1 day, same user)	
train_user_day_nowcast	belief_drop_mean_mean_7d	float	derived(user_id time-series)	belief_drop_mean_today OR daily_checkin.belief_drop_mean_0_10 OR sleep/activity/cbt/challenge day agg	user_id,date	belief_drop_mean_mean_7d = mean(shift(belief_drop_mean_today,1) over past 7d)	rolling 7 days excluding today (t-1..t-7)	
train_user_day_nowcast	belief_drop_mean_std_7d	float	derived(user_id time-series)	belief_drop_mean_today OR daily_checkin.belief_drop_mean_0_10 OR sleep/activity/cbt/challenge day agg	user_id,date	belief_drop_mean_std_7d = std(shift(belief_drop_mean_today,1) over past 7d)	rolling 7 days excluding today (min 2)	
train_user_day_nowcast	belief_drop_mean_misscnt_7d	float	derived(user_id time-series)	belief_drop_mean_today OR daily_checkin.belief_drop_mean_0_10 OR sleep/activity/cbt/challenge day agg	user_id,date	belief_drop_mean_misscnt_7d = count(isnull(shift(belief_drop_mean_today,1)) over past 7d)	rolling 7 days excluding today	
train_user_day_nowcast	belief_drop_mean_days_7d	float	derived(user_id time-series)	belief_drop_mean_today OR daily_checkin.belief_drop_mean_0_10 OR sleep/activity/cbt/challenge day agg	user_id,date	belief_drop_mean_days_7d = count(notnull(shift(belief_drop_mean_today,1)) over past 7d)	rolling 7 days excluding today	
train_user_day_nowcast	emotion_drop_mean_lag1	float	derived(user_id time-series)	emotion_drop_mean_today OR daily_checkin.emotion_drop_mean_0_10 OR sleep/activity/cbt/challenge day agg	user_id,date	emotion_drop_mean_lag1 = shift(emotion_drop_mean_today,1)	lag(1 day, same user)	
train_user_day_nowcast	emotion_drop_mean_mean_7d	float	derived(user_id time-series)	emotion_drop_mean_today OR daily_checkin.emotion_drop_mean_0_10 OR sleep/activity/cbt/challenge day agg	user_id,date	emotion_drop_mean_mean_7d = mean(shift(emotion_drop_mean_today,1) over past 7d)	rolling 7 days excluding today (t-1..t-7)	
train_user_day_nowcast	emotion_drop_mean_std_7d	float	derived(user_id time-series)	emotion_drop_mean_today OR daily_checkin.emotion_drop_mean_0_10 OR sleep/activity/cbt/challenge day agg	user_id,date	emotion_drop_mean_std_7d = std(shift(emotion_drop_mean_today,1) over past 7d)	rolling 7 days excluding today (min 2)	
train_user_day_nowcast	emotion_drop_mean_misscnt_7d	float	derived(user_id time-series)	emotion_drop_mean_today OR daily_checkin.emotion_drop_mean_0_10 OR sleep/activity/cbt/challenge day agg	user_id,date	emotion_drop_mean_misscnt_7d = count(isnull(shift(emotion_drop_mean_today,1)) over past 7d)	rolling 7 days excluding today	
train_user_day_nowcast	emotion_drop_mean_days_7d	float	derived(user_id time-series)	emotion_drop_mean_today OR daily_checkin.emotion_drop_mean_0_10 OR sleep/activity/cbt/challenge day agg	user_id,date	emotion_drop_mean_days_7d = count(notnull(shift(emotion_drop_mean_today,1)) over past 7d)	rolling 7 days excluding today	
train_user_day_nowcast	reframe_quality_mean_lag1	float	derived(user_id time-series)	reframe_quality_mean_today OR daily_checkin.reframe_quality_mean_0_10 OR sleep/activity/cbt/challenge day agg	user_id,date	reframe_quality_mean_lag1 = shift(reframe_quality_mean_today,1)	lag(1 day, same user)	
train_user_day_nowcast	reframe_quality_mean_mean_7d	float	derived(user_id time-series)	reframe_quality_mean_today OR daily_checkin.reframe_quality_mean_0_10 OR sleep/activity/cbt/challenge day agg	user_id,date	reframe_quality_mean_mean_7d = mean(shift(reframe_quality_mean_today,1) over past 7d)	rolling 7 days excluding today (t-1..t-7)	
train_user_day_nowcast	reframe_quality_mean_std_7d	float	derived(user_id time-series)	reframe_quality_mean_today OR daily_checkin.reframe_quality_mean_0_10 OR sleep/activity/cbt/challenge day agg	user_id,date	reframe_quality_mean_std_7d = std(shift(reframe_quality_mean_today,1) over past 7d)	rolling 7 days excluding today (min 2)	
train_user_day_nowcast	reframe_quality_mean_misscnt_7d	float	derived(user_id time-series)	reframe_quality_mean_today OR daily_checkin.reframe_quality_mean_0_10 OR sleep/activity/cbt/challenge day agg	user_id,date	reframe_quality_mean_misscnt_7d = count(isnull(shift(reframe_quality_mean_today,1)) over past 7d)	rolling 7 days excluding today	
train_user_day_nowcast	reframe_quality_mean_days_7d	float	derived(user_id time-series)	reframe_quality_mean_today OR daily_checkin.reframe_quality_mean_0_10 OR sleep/activity/cbt/challenge day agg	user_id,date	reframe_quality_mean_days_7d = count(notnull(shift(reframe_quality_mean_today,1)) over past 7d)	rolling 7 days excluding today	
train_user_day_nowcast	homework_commitment_mean_lag1	float	derived(user_id time-series)	homework_commitment_mean_today OR daily_checkin.homework_commitment_mean_0_10 OR sleep/activity/cbt/challenge day agg	user_id,date	homework_commitment_mean_lag1 = shift(homework_commitment_mean_today,1)	lag(1 day, same user)	
train_user_day_nowcast	homework_commitment_mean_mean_7d	float	derived(user_id time-series)	homework_commitment_mean_today OR daily_checkin.homework_commitment_mean_0_10 OR sleep/activity/cbt/challenge day agg	user_id,date	homework_commitment_mean_mean_7d = mean(shift(homework_commitment_mean_today,1) over past 7d)	rolling 7 days excluding today (t-1..t-7)	
train_user_day_nowcast	homework_commitment_mean_std_7d	float	derived(user_id time-series)	homework_commitment_mean_today OR daily_checkin.homework_commitment_mean_0_10 OR sleep/activity/cbt/challenge day agg	user_id,date	homework_commitment_mean_std_7d = std(shift(homework_commitment_mean_today,1) over past 7d)	rolling 7 days excluding today (min 2)	
train_user_day_nowcast	homework_commitment_mean_misscnt_7d	float	derived(user_id time-series)	homework_commitment_mean_today OR daily_checkin.homework_commitment_mean_0_10 OR sleep/activity/cbt/challenge day agg	user_id,date	homework_commitment_mean_misscnt_7d = count(isnull(shift(homework_commitment_mean_today,1)) over past 7d)	rolling 7 days excluding today	
train_user_day_nowcast	homework_commitment_mean_days_7d	float	derived(user_id time-series)	homework_commitment_mean_today OR daily_checkin.homework_commitment_mean_0_10 OR sleep/activity/cbt/challenge day agg	user_id,date	homework_commitment_mean_days_7d = count(notnull(shift(homework_commitment_mean_today,1)) over past 7d)	rolling 7 days excluding today	
train_user_day_nowcast	distortion_total_mean_lag1	float	derived(user_id time-series)	distortion_total_mean_today OR daily_checkin.distortion_total_mean_0_10 OR sleep/activity/cbt/challenge day agg	user_id,date	distortion_total_mean_lag1 = shift(distortion_total_mean_today,1)	lag(1 day, same user)	
train_user_day_nowcast	distortion_total_mean_mean_7d	float	derived(user_id time-series)	distortion_total_mean_today OR daily_checkin.distortion_total_mean_0_10 OR sleep/activity/cbt/challenge day agg	user_id,date	distortion_total_mean_mean_7d = mean(shift(distortion_total_mean_today,1) over past 7d)	rolling 7 days excluding today (t-1..t-7)	
train_user_day_nowcast	distortion_total_mean_std_7d	float	derived(user_id time-series)	distortion_total_mean_today OR daily_checkin.distortion_total_mean_0_10 OR sleep/activity/cbt/challenge day agg	user_id,date	distortion_total_mean_std_7d = std(shift(distortion_total_mean_today,1) over past 7d)	rolling 7 days excluding today (min 2)	
train_user_day_nowcast	distortion_total_mean_misscnt_7d	float	derived(user_id time-series)	distortion_total_mean_today OR daily_checkin.distortion_total_mean_0_10 OR sleep/activity/cbt/challenge day agg	user_id,date	distortion_total_mean_misscnt_7d = count(isnull(shift(distortion_total_mean_today,1)) over past 7d)	rolling 7 days excluding today	
train_user_day_nowcast	distortion_total_mean_days_7d	float	derived(user_id time-series)	distortion_total_mean_today OR daily_checkin.distortion_total_mean_0_10 OR sleep/activity/cbt/challenge day agg	user_id,date	distortion_total_mean_days_7d = count(notnull(shift(distortion_total_mean_today,1)) over past 7d)	rolling 7 days excluding today	
train_user_day_nowcast	challenges_lag1	float	derived(user_id time-series)	challenges_today OR daily_checkin.challenges_0_10 OR sleep/activity/cbt/challenge day agg	user_id,date	challenges_lag1 = shift(challenges_today,1)	lag(1 day, same user)	
train_user_day_nowcast	challenges_mean_7d	float	derived(user_id time-series)	challenges_today OR daily_checkin.challenges_0_10 OR sleep/activity/cbt/challenge day agg	user_id,date	challenges_mean_7d = mean(shift(challenges_today,1) over past 7d)	rolling 7 days excluding today (t-1..t-7)	
train_user_day_nowcast	challenges_std_7d	float	derived(user_id time-series)	challenges_today OR daily_checkin.challenges_0_10 OR sleep/activity/cbt/challenge day agg	user_id,date	challenges_std_7d = std(shift(challenges_today,1) over past 7d)	rolling 7 days excluding today (min 2)	
train_user_day_nowcast	challenges_misscnt_7d	float	derived(user_id time-series)	challenges_today OR daily_checkin.challenges_0_10 OR sleep/activity/cbt/challenge day agg	user_id,date	challenges_misscnt_7d = count(isnull(shift(challenges_today,1)) over past 7d)	rolling 7 days excluding today	
train_user_day_nowcast	challenges_days_7d	float	derived(user_id time-series)	challenges_today OR daily_checkin.challenges_0_10 OR sleep/activity/cbt/challenge day agg	user_id,date	challenges_days_7d = count(notnull(shift(challenges_today,1)) over past 7d)	rolling 7 days excluding today	
train_user_day_nowcast	challenge_completed_rate_lag1	float	derived(user_id time-series)	challenge_completed_rate_today OR daily_checkin.challenge_completed_rate_0_10 OR sleep/activity/cbt/challenge day agg	user_id,date	challenge_completed_rate_lag1 = shift(challenge_completed_rate_today,1)	lag(1 day, same user)	
train_user_day_nowcast	challenge_completed_rate_mean_7d	float	derived(user_id time-series)	challenge_completed_rate_today OR daily_checkin.challenge_completed_rate_0_10 OR sleep/activity/cbt/challenge day agg	user_id,date	challenge_completed_rate_mean_7d = mean(shift(challenge_completed_rate_today,1) over past 7d)	rolling 7 days excluding today (t-1..t-7)	
train_user_day_nowcast	challenge_completed_rate_std_7d	float	derived(user_id time-series)	challenge_completed_rate_today OR daily_checkin.challenge_completed_rate_0_10 OR sleep/activity/cbt/challenge day agg	user_id,date	challenge_completed_rate_std_7d = std(shift(challenge_completed_rate_today,1) over past 7d)	rolling 7 days excluding today (min 2)	
train_user_day_nowcast	challenge_completed_rate_misscnt_7d	float	derived(user_id time-series)	challenge_completed_rate_today OR daily_checkin.challenge_completed_rate_0_10 OR sleep/activity/cbt/challenge day agg	user_id,date	challenge_completed_rate_misscnt_7d = count(isnull(shift(challenge_completed_rate_today,1)) over past 7d)	rolling 7 days excluding today	
train_user_day_nowcast	challenge_completed_rate_days_7d	float	derived(user_id time-series)	challenge_completed_rate_today OR daily_checkin.challenge_completed_rate_0_10 OR sleep/activity/cbt/challenge day agg	user_id,date	challenge_completed_rate_days_7d = count(notnull(shift(challenge_completed_rate_today,1)) over past 7d)	rolling 7 days excluding today	
train_user_day_nowcast	challenge_helpfulness_mean_lag1	float	derived(user_id time-series)	challenge_helpfulness_mean_today OR daily_checkin.challenge_helpfulness_mean_0_10 OR sleep/activity/cbt/challenge day agg	user_id,date	challenge_helpfulness_mean_lag1 = shift(challenge_helpfulness_mean_today,1)	lag(1 day, same user)	
train_user_day_nowcast	challenge_helpfulness_mean_mean_7d	float	derived(user_id time-series)	challenge_helpfulness_mean_today OR daily_checkin.challenge_helpfulness_mean_0_10 OR sleep/activity/cbt/challenge day agg	user_id,date	challenge_helpfulness_mean_mean_7d = mean(shift(challenge_helpfulness_mean_today,1) over past 7d)	rolling 7 days excluding today (t-1..t-7)	
train_user_day_nowcast	challenge_helpfulness_mean_std_7d	float	derived(user_id time-series)	challenge_helpfulness_mean_today OR daily_checkin.challenge_helpfulness_mean_0_10 OR sleep/activity/cbt/challenge day agg	user_id,date	challenge_helpfulness_mean_std_7d = std(shift(challenge_helpfulness_mean_today,1) over past 7d)	rolling 7 days excluding today (min 2)	
train_user_day_nowcast	challenge_helpfulness_mean_misscnt_7d	float	derived(user_id time-series)	challenge_helpfulness_mean_today OR daily_checkin.challenge_helpfulness_mean_0_10 OR sleep/activity/cbt/challenge day agg	user_id,date	challenge_helpfulness_mean_misscnt_7d = count(isnull(shift(challenge_helpfulness_mean_today,1)) over past 7d)	rolling 7 days excluding today	
train_user_day_nowcast	challenge_helpfulness_mean_days_7d	float	derived(user_id time-series)	challenge_helpfulness_mean_today OR daily_checkin.challenge_helpfulness_mean_0_10 OR sleep/activity/cbt/challenge day agg	user_id,date	challenge_helpfulness_mean_days_7d = count(notnull(shift(challenge_helpfulness_mean_today,1)) over past 7d)	rolling 7 days excluding today	
train_user_day_nowcast	challenge_completion_quality_mean_lag1	float	derived(user_id time-series)	challenge_completion_quality_mean_today OR daily_checkin.challenge_completion_quality_mean_0_10 OR sleep/activity/cbt/challenge day agg	user_id,date	challenge_completion_quality_mean_lag1 = shift(challenge_completion_quality_mean_today,1)	lag(1 day, same user)	
train_user_day_nowcast	challenge_completion_quality_mean_mean_7d	float	derived(user_id time-series)	challenge_completion_quality_mean_today OR daily_checkin.challenge_completion_quality_mean_0_10 OR sleep/activity/cbt/challenge day agg	user_id,date	challenge_completion_quality_mean_mean_7d = mean(shift(challenge_completion_quality_mean_today,1) over past 7d)	rolling 7 days excluding today (t-1..t-7)	
train_user_day_nowcast	challenge_completion_quality_mean_std_7d	float	derived(user_id time-series)	challenge_completion_quality_mean_today OR daily_checkin.challenge_completion_quality_mean_0_10 OR sleep/activity/cbt/challenge day agg	user_id,date	challenge_completion_quality_mean_std_7d = std(shift(challenge_completion_quality_mean_today,1) over past 7d)	rolling 7 days excluding today (min 2)	
train_user_day_nowcast	challenge_completion_quality_mean_misscnt_7d	float	derived(user_id time-series)	challenge_completion_quality_mean_today OR daily_checkin.challenge_completion_quality_mean_0_10 OR sleep/activity/cbt/challenge day agg	user_id,date	challenge_completion_quality_mean_misscnt_7d = count(isnull(shift(challenge_completion_quality_mean_today,1)) over past 7d)	rolling 7 days excluding today	
train_user_day_nowcast	challenge_completion_quality_mean_days_7d	float	derived(user_id time-series)	challenge_completion_quality_mean_today OR daily_checkin.challenge_completion_quality_mean_0_10 OR sleep/activity/cbt/challenge day agg	user_id,date	challenge_completion_quality_mean_days_7d = count(notnull(shift(challenge_completion_quality_mean_today,1)) over past 7d)	rolling 7 days excluding today	
train_user_day_nowcast	mood_lag1	float	derived(user_id time-series)	mood_today OR daily_checkin.mood_0_10 OR sleep/activity/cbt/challenge day agg	user_id,date	mood_lag1 = shift(mood_today,1)	lag(1 day, same user)	dep/anx proxy 타깃과 동기간 체크인 값은 누수; 여기서는 과거 7일(전일까지)만 사용
train_user_day_nowcast	mood_mean_7d	float	derived(user_id time-series)	mood_today OR daily_checkin.mood_0_10 OR sleep/activity/cbt/challenge day agg	user_id,date	mood_mean_7d = mean(shift(mood_today,1) over past 7d)	rolling 7 days excluding today (t-1..t-7)	dep/anx proxy 타깃과 동기간 체크인 값은 누수; 여기서는 과거 7일(전일까지)만 사용
train_user_day_nowcast	mood_std_7d	float	derived(user_id time-series)	mood_today OR daily_checkin.mood_0_10 OR sleep/activity/cbt/challenge day agg	user_id,date	mood_std_7d = std(shift(mood_today,1) over past 7d)	rolling 7 days excluding today (min 2)	dep/anx proxy 타깃과 동기간 체크인 값은 누수; 여기서는 과거 7일(전일까지)만 사용
train_user_day_nowcast	mood_misscnt_7d	float	derived(user_id time-series)	mood_today OR daily_checkin.mood_0_10 OR sleep/activity/cbt/challenge day agg	user_id,date	mood_misscnt_7d = count(isnull(shift(mood_today,1)) over past 7d)	rolling 7 days excluding today	dep/anx proxy 타깃과 동기간 체크인 값은 누수; 여기서는 과거 7일(전일까지)만 사용
train_user_day_nowcast	mood_days_7d	float	derived(user_id time-series)	mood_today OR daily_checkin.mood_0_10 OR sleep/activity/cbt/challenge day agg	user_id,date	mood_days_7d = count(notnull(shift(mood_today,1)) over past 7d)	rolling 7 days excluding today	dep/anx proxy 타깃과 동기간 체크인 값은 누수; 여기서는 과거 7일(전일까지)만 사용
train_user_day_nowcast	anxiety_lag1	float	derived(user_id time-series)	anxiety_today OR daily_checkin.anxiety_0_10 OR sleep/activity/cbt/challenge day agg	user_id,date	anxiety_lag1 = shift(anxiety_today,1)	lag(1 day, same user)	dep/anx proxy 타깃과 동기간 체크인 값은 누수; 여기서는 과거 7일(전일까지)만 사용
train_user_day_nowcast	anxiety_mean_7d	float	derived(user_id time-series)	anxiety_today OR daily_checkin.anxiety_0_10 OR sleep/activity/cbt/challenge day agg	user_id,date	anxiety_mean_7d = mean(shift(anxiety_today,1) over past 7d)	rolling 7 days excluding today (t-1..t-7)	dep/anx proxy 타깃과 동기간 체크인 값은 누수; 여기서는 과거 7일(전일까지)만 사용
train_user_day_nowcast	anxiety_std_7d	float	derived(user_id time-series)	anxiety_today OR daily_checkin.anxiety_0_10 OR sleep/activity/cbt/challenge day agg	user_id,date	anxiety_std_7d = std(shift(anxiety_today,1) over past 7d)	rolling 7 days excluding today (min 2)	dep/anx proxy 타깃과 동기간 체크인 값은 누수; 여기서는 과거 7일(전일까지)만 사용
train_user_day_nowcast	anxiety_misscnt_7d	float	derived(user_id time-series)	anxiety_today OR daily_checkin.anxiety_0_10 OR sleep/activity/cbt/challenge day agg	user_id,date	anxiety_misscnt_7d = count(isnull(shift(anxiety_today,1)) over past 7d)	rolling 7 days excluding today	dep/anx proxy 타깃과 동기간 체크인 값은 누수; 여기서는 과거 7일(전일까지)만 사용
train_user_day_nowcast	anxiety_days_7d	float	derived(user_id time-series)	anxiety_today OR daily_checkin.anxiety_0_10 OR sleep/activity/cbt/challenge day agg	user_id,date	anxiety_days_7d = count(notnull(shift(anxiety_today,1)) over past 7d)	rolling 7 days excluding today	dep/anx proxy 타깃과 동기간 체크인 값은 누수; 여기서는 과거 7일(전일까지)만 사용
train_user_day_nowcast	stress_lag1	float	derived(user_id time-series)	stress_today OR daily_checkin.stress_0_10 OR sleep/activity/cbt/challenge day agg	user_id,date	stress_lag1 = shift(stress_today,1)	lag(1 day, same user)	dep/anx proxy 타깃과 동기간 체크인 값은 누수; 여기서는 과거 7일(전일까지)만 사용
train_user_day_nowcast	stress_mean_7d	float	derived(user_id time-series)	stress_today OR daily_checkin.stress_0_10 OR sleep/activity/cbt/challenge day agg	user_id,date	stress_mean_7d = mean(shift(stress_today,1) over past 7d)	rolling 7 days excluding today (t-1..t-7)	dep/anx proxy 타깃과 동기간 체크인 값은 누수; 여기서는 과거 7일(전일까지)만 사용
train_user_day_nowcast	stress_std_7d	float	derived(user_id time-series)	stress_today OR daily_checkin.stress_0_10 OR sleep/activity/cbt/challenge day agg	user_id,date	stress_std_7d = std(shift(stress_today,1) over past 7d)	rolling 7 days excluding today (min 2)	dep/anx proxy 타깃과 동기간 체크인 값은 누수; 여기서는 과거 7일(전일까지)만 사용
train_user_day_nowcast	stress_misscnt_7d	float	derived(user_id time-series)	stress_today OR daily_checkin.stress_0_10 OR sleep/activity/cbt/challenge day agg	user_id,date	stress_misscnt_7d = count(isnull(shift(stress_today,1)) over past 7d)	rolling 7 days excluding today	dep/anx proxy 타깃과 동기간 체크인 값은 누수; 여기서는 과거 7일(전일까지)만 사용
train_user_day_nowcast	stress_days_7d	float	derived(user_id time-series)	stress_today OR daily_checkin.stress_0_10 OR sleep/activity/cbt/challenge day agg	user_id,date	stress_days_7d = count(notnull(shift(stress_today,1)) over past 7d)	rolling 7 days excluding today	dep/anx proxy 타깃과 동기간 체크인 값은 누수; 여기서는 과거 7일(전일까지)만 사용
train_user_day_nowcast	energy_lag1	float	derived(user_id time-series)	energy_today OR daily_checkin.energy_0_10 OR sleep/activity/cbt/challenge day agg	user_id,date	energy_lag1 = shift(energy_today,1)	lag(1 day, same user)	dep/anx proxy 타깃과 동기간 체크인 값은 누수; 여기서는 과거 7일(전일까지)만 사용
train_user_day_nowcast	energy_mean_7d	float	derived(user_id time-series)	energy_today OR daily_checkin.energy_0_10 OR sleep/activity/cbt/challenge day agg	user_id,date	energy_mean_7d = mean(shift(energy_today,1) over past 7d)	rolling 7 days excluding today (t-1..t-7)	dep/anx proxy 타깃과 동기간 체크인 값은 누수; 여기서는 과거 7일(전일까지)만 사용
train_user_day_nowcast	energy_std_7d	float	derived(user_id time-series)	energy_today OR daily_checkin.energy_0_10 OR sleep/activity/cbt/challenge day agg	user_id,date	energy_std_7d = std(shift(energy_today,1) over past 7d)	rolling 7 days excluding today (min 2)	dep/anx proxy 타깃과 동기간 체크인 값은 누수; 여기서는 과거 7일(전일까지)만 사용
train_user_day_nowcast	energy_misscnt_7d	float	derived(user_id time-series)	energy_today OR daily_checkin.energy_0_10 OR sleep/activity/cbt/challenge day agg	user_id,date	energy_misscnt_7d = count(isnull(shift(energy_today,1)) over past 7d)	rolling 7 days excluding today	dep/anx proxy 타깃과 동기간 체크인 값은 누수; 여기서는 과거 7일(전일까지)만 사용
train_user_day_nowcast	energy_days_7d	float	derived(user_id time-series)	energy_today OR daily_checkin.energy_0_10 OR sleep/activity/cbt/challenge day agg	user_id,date	energy_days_7d = count(notnull(shift(energy_today,1)) over past 7d)	rolling 7 days excluding today	dep/anx proxy 타깃과 동기간 체크인 값은 누수; 여기서는 과거 7일(전일까지)만 사용
train_user_day_nowcast	concentration_lag1	float	derived(user_id time-series)	concentration_today OR daily_checkin.concentration_0_10 OR sleep/activity/cbt/challenge day agg	user_id,date	concentration_lag1 = shift(concentration_today,1)	lag(1 day, same user)	dep/anx proxy 타깃과 동기간 체크인 값은 누수; 여기서는 과거 7일(전일까지)만 사용
train_user_day_nowcast	concentration_mean_7d	float	derived(user_id time-series)	concentration_today OR daily_checkin.concentration_0_10 OR sleep/activity/cbt/challenge day agg	user_id,date	concentration_mean_7d = mean(shift(concentration_today,1) over past 7d)	rolling 7 days excluding today (t-1..t-7)	dep/anx proxy 타깃과 동기간 체크인 값은 누수; 여기서는 과거 7일(전일까지)만 사용
train_user_day_nowcast	concentration_std_7d	float	derived(user_id time-series)	concentration_today OR daily_checkin.concentration_0_10 OR sleep/activity/cbt/challenge day agg	user_id,date	concentration_std_7d = std(shift(concentration_today,1) over past 7d)	rolling 7 days excluding today (min 2)	dep/anx proxy 타깃과 동기간 체크인 값은 누수; 여기서는 과거 7일(전일까지)만 사용
train_user_day_nowcast	concentration_misscnt_7d	float	derived(user_id time-series)	concentration_today OR daily_checkin.concentration_0_10 OR sleep/activity/cbt/challenge day agg	user_id,date	concentration_misscnt_7d = count(isnull(shift(concentration_today,1)) over past 7d)	rolling 7 days excluding today	dep/anx proxy 타깃과 동기간 체크인 값은 누수; 여기서는 과거 7일(전일까지)만 사용
train_user_day_nowcast	concentration_days_7d	float	derived(user_id time-series)	concentration_today OR daily_checkin.concentration_0_10 OR sleep/activity/cbt/challenge day agg	user_id,date	concentration_days_7d = count(notnull(shift(concentration_today,1)) over past 7d)	rolling 7 days excluding today	dep/anx proxy 타깃과 동기간 체크인 값은 누수; 여기서는 과거 7일(전일까지)만 사용
train_user_day_nowcast	irritability_lag1	float	derived(user_id time-series)	irritability_today OR daily_checkin.irritability_0_10 OR sleep/activity/cbt/challenge day agg	user_id,date	irritability_lag1 = shift(irritability_today,1)	lag(1 day, same user)	dep/anx proxy 타깃과 동기간 체크인 값은 누수; 여기서는 과거 7일(전일까지)만 사용
train_user_day_nowcast	irritability_mean_7d	float	derived(user_id time-series)	irritability_today OR daily_checkin.irritability_0_10 OR sleep/activity/cbt/challenge day agg	user_id,date	irritability_mean_7d = mean(shift(irritability_today,1) over past 7d)	rolling 7 days excluding today (t-1..t-7)	dep/anx proxy 타깃과 동기간 체크인 값은 누수; 여기서는 과거 7일(전일까지)만 사용
train_user_day_nowcast	irritability_std_7d	float	derived(user_id time-series)	irritability_today OR daily_checkin.irritability_0_10 OR sleep/activity/cbt/challenge day agg	user_id,date	irritability_std_7d = std(shift(irritability_today,1) over past 7d)	rolling 7 days excluding today (min 2)	dep/anx proxy 타깃과 동기간 체크인 값은 누수; 여기서는 과거 7일(전일까지)만 사용
train_user_day_nowcast	irritability_misscnt_7d	float	derived(user_id time-series)	irritability_today OR daily_checkin.irritability_0_10 OR sleep/activity/cbt/challenge day agg	user_id,date	irritability_misscnt_7d = count(isnull(shift(irritability_today,1)) over past 7d)	rolling 7 days excluding today	dep/anx proxy 타깃과 동기간 체크인 값은 누수; 여기서는 과거 7일(전일까지)만 사용
train_user_day_nowcast	irritability_days_7d	float	derived(user_id time-series)	irritability_today OR daily_checkin.irritability_0_10 OR sleep/activity/cbt/challenge day agg	user_id,date	irritability_days_7d = count(notnull(shift(irritability_today,1)) over past 7d)	rolling 7 days excluding today	dep/anx proxy 타깃과 동기간 체크인 값은 누수; 여기서는 과거 7일(전일까지)만 사용
train_user_day_nowcast	rumination_lag1	float	derived(user_id time-series)	rumination_today OR daily_checkin.rumination_0_10 OR sleep/activity/cbt/challenge day agg	user_id,date	rumination_lag1 = shift(rumination_today,1)	lag(1 day, same user)	dep/anx proxy 타깃과 동기간 체크인 값은 누수; 여기서는 과거 7일(전일까지)만 사용
train_user_day_nowcast	rumination_mean_7d	float	derived(user_id time-series)	rumination_today OR daily_checkin.rumination_0_10 OR sleep/activity/cbt/challenge day agg	user_id,date	rumination_mean_7d = mean(shift(rumination_today,1) over past 7d)	rolling 7 days excluding today (t-1..t-7)	dep/anx proxy 타깃과 동기간 체크인 값은 누수; 여기서는 과거 7일(전일까지)만 사용
train_user_day_nowcast	rumination_std_7d	float	derived(user_id time-series)	rumination_today OR daily_checkin.rumination_0_10 OR sleep/activity/cbt/challenge day agg	user_id,date	rumination_std_7d = std(shift(rumination_today,1) over past 7d)	rolling 7 days excluding today (min 2)	dep/anx proxy 타깃과 동기간 체크인 값은 누수; 여기서는 과거 7일(전일까지)만 사용
train_user_day_nowcast	rumination_misscnt_7d	float	derived(user_id time-series)	rumination_today OR daily_checkin.rumination_0_10 OR sleep/activity/cbt/challenge day agg	user_id,date	rumination_misscnt_7d = count(isnull(shift(rumination_today,1)) over past 7d)	rolling 7 days excluding today	dep/anx proxy 타깃과 동기간 체크인 값은 누수; 여기서는 과거 7일(전일까지)만 사용
train_user_day_nowcast	rumination_days_7d	float	derived(user_id time-series)	rumination_today OR daily_checkin.rumination_0_10 OR sleep/activity/cbt/challenge day agg	user_id,date	rumination_days_7d = count(notnull(shift(rumination_today,1)) over past 7d)	rolling 7 days excluding today	dep/anx proxy 타깃과 동기간 체크인 값은 누수; 여기서는 과거 7일(전일까지)만 사용
train_user_day_nowcast	avoidance_lag1	float	derived(user_id time-series)	avoidance_today OR daily_checkin.avoidance_0_10 OR sleep/activity/cbt/challenge day agg	user_id,date	avoidance_lag1 = shift(avoidance_today,1)	lag(1 day, same user)	dep/anx proxy 타깃과 동기간 체크인 값은 누수; 여기서는 과거 7일(전일까지)만 사용
train_user_day_nowcast	avoidance_mean_7d	float	derived(user_id time-series)	avoidance_today OR daily_checkin.avoidance_0_10 OR sleep/activity/cbt/challenge day agg	user_id,date	avoidance_mean_7d = mean(shift(avoidance_today,1) over past 7d)	rolling 7 days excluding today (t-1..t-7)	dep/anx proxy 타깃과 동기간 체크인 값은 누수; 여기서는 과거 7일(전일까지)만 사용
train_user_day_nowcast	avoidance_std_7d	float	derived(user_id time-series)	avoidance_today OR daily_checkin.avoidance_0_10 OR sleep/activity/cbt/challenge day agg	user_id,date	avoidance_std_7d = std(shift(avoidance_today,1) over past 7d)	rolling 7 days excluding today (min 2)	dep/anx proxy 타깃과 동기간 체크인 값은 누수; 여기서는 과거 7일(전일까지)만 사용
train_user_day_nowcast	avoidance_misscnt_7d	float	derived(user_id time-series)	avoidance_today OR daily_checkin.avoidance_0_10 OR sleep/activity/cbt/challenge day agg	user_id,date	avoidance_misscnt_7d = count(isnull(shift(avoidance_today,1)) over past 7d)	rolling 7 days excluding today	dep/anx proxy 타깃과 동기간 체크인 값은 누수; 여기서는 과거 7일(전일까지)만 사용
train_user_day_nowcast	avoidance_days_7d	float	derived(user_id time-series)	avoidance_today OR daily_checkin.avoidance_0_10 OR sleep/activity/cbt/challenge day agg	user_id,date	avoidance_days_7d = count(notnull(shift(avoidance_today,1)) over past 7d)	rolling 7 days excluding today	dep/anx proxy 타깃과 동기간 체크인 값은 누수; 여기서는 과거 7일(전일까지)만 사용
train_user_day_nowcast	social_connectedness_lag1	float	derived(user_id time-series)	social_connectedness_today OR daily_checkin.social_connectedness_0_10 OR sleep/activity/cbt/challenge day agg	user_id,date	social_connectedness_lag1 = shift(social_connectedness_today,1)	lag(1 day, same user)	dep/anx proxy 타깃과 동기간 체크인 값은 누수; 여기서는 과거 7일(전일까지)만 사용
train_user_day_nowcast	social_connectedness_mean_7d	float	derived(user_id time-series)	social_connectedness_today OR daily_checkin.social_connectedness_0_10 OR sleep/activity/cbt/challenge day agg	user_id,date	social_connectedness_mean_7d = mean(shift(social_connectedness_today,1) over past 7d)	rolling 7 days excluding today (t-1..t-7)	dep/anx proxy 타깃과 동기간 체크인 값은 누수; 여기서는 과거 7일(전일까지)만 사용
train_user_day_nowcast	social_connectedness_std_7d	float	derived(user_id time-series)	social_connectedness_today OR daily_checkin.social_connectedness_0_10 OR sleep/activity/cbt/challenge day agg	user_id,date	social_connectedness_std_7d = std(shift(social_connectedness_today,1) over past 7d)	rolling 7 days excluding today (min 2)	dep/anx proxy 타깃과 동기간 체크인 값은 누수; 여기서는 과거 7일(전일까지)만 사용
train_user_day_nowcast	social_connectedness_misscnt_7d	float	derived(user_id time-series)	social_connectedness_today OR daily_checkin.social_connectedness_0_10 OR sleep/activity/cbt/challenge day agg	user_id,date	social_connectedness_misscnt_7d = count(isnull(shift(social_connectedness_today,1)) over past 7d)	rolling 7 days excluding today	dep/anx proxy 타깃과 동기간 체크인 값은 누수; 여기서는 과거 7일(전일까지)만 사용
train_user_day_nowcast	social_connectedness_days_7d	float	derived(user_id time-series)	social_connectedness_today OR daily_checkin.social_connectedness_0_10 OR sleep/activity/cbt/challenge day agg	user_id,date	social_connectedness_days_7d = count(notnull(shift(social_connectedness_today,1)) over past 7d)	rolling 7 days excluding today	dep/anx proxy 타깃과 동기간 체크인 값은 누수; 여기서는 과거 7일(전일까지)만 사용
train_user_day_nowcast	checkin_days_7d	float	derived(user_id time-series)	checkin_today OR daily_checkin.checkin_0_10 OR sleep/activity/cbt/challenge day agg	user_id,date	checkin_days_7d = count(notnull(shift(checkin_today,1)) over past 7d)	rolling 7 days excluding today	
train_user_day_nowcast	checkin_missing_cnt_7d	float	derived(daily_checkin)	mood_0_10, anxiety_0_10, stress_0_10	user_id,date	7 - checkin_days_7d (clipped >=0)	rolling 7 days excluding today	
